{
  "x_mean": [
    0.499994695186615,
    0.5000054836273193,
    0.5000214576721191,
    0.5000079870223999,
    0.4999888837337494,
    0.4999990165233612,
    0.5000208616256714,
    0.5000481605529785,
    0.5000354647636414,
    0.5000396370887756,
    0.49996650218963623,
    0.49999749660491943
  ],
  "x_std": [
    0.28866705298423767,
    0.2886562943458557,
    0.28869763016700745,
    0.28866299986839294,
    0.2886805236339569,
    0.28868573904037476,
    0.2887071669101715,
    0.288648784160614,
    0.28867390751838684,
    0.2887353301048279,
    0.28869494795799255,
    0.28866317868232727
  ],
  "y_mean": [
    0.4735613167285919,
    0.05812209099531174,
    -0.2036401778459549
  ],
  "y_std": [
    0.02919423021376133,
    0.004807524848729372,
    0.056729916483163834
  ],
  "target_velocity": 18.0,
  "target_alpha": 6.0,
  "n_valid": 500
}