{
  "x_mean": [
    0.49999675154685974,
    0.5000001192092896,
    0.49999669194221497,
    0.49999767541885376,
    0.5000016093254089,
    0.4999975562095642,
    0.5000037550926208,
    0.5000013113021851,
    0.5000028014183044,
    0.49999892711639404
  ],
  "x_std": [
    0.28867295384407043,
    0.28867819905281067,
    0.28867560625076294,
    0.2886737883090973,
    0.2886769473552704,
    0.2886759340763092,
    0.2886787950992584,
    0.2886734902858734,
    0.2886795997619629,
    0.28867459297180176
  ],
  "y_mean": [
    0.47362759709358215,
    0.05809493735432625,
    -0.06730690598487854
  ],
  "y_std": [
    0.029464980587363243,
    0.004734570160508156,
    0.05869131535291672
  ],
  "target_velocity": 18.0,
  "target_alpha": 6.0,
  "n_valid": 2000
}